_id,ags2,bundesland,ags5,kreis,kr_schu_kom,kr_sk,kr_us_ew
1,01,schleswig-holstein,01001,"flensburg, stadt",1282.4,767.3,78.1
2,01,schleswig-holstein,01002,"kiel, landeshauptstadt",2269.4,755.3,87.5
3,01,schleswig-holstein,01003,"luebeck, hansestadt",3039.8,724.8,80.8
4,01,schleswig-holstein,01004,"neumuenster, stadt",1650.6,775.4,73.8
5,01,schleswig-holstein,01051,dithmarschen,1831.6,824.7,46.8
6,01,schleswig-holstein,01053,herzogtum lauenburg,1251.8,791.1,36.0
7,01,schleswig-holstein,01054,nordfriesland,2433.1,896.3,54.4
8,01,schleswig-holstein,01055,ostholstein,1114.9,762.6,42.0
9,01,schleswig-holstein,01056,pinneberg,1820.7,1054.6,49.7
10,01,schleswig-holstein,01057,ploen,1560.1,709.4,29.3
11,01,schleswig-holstein,01058,rendsburg-eckernfoerde,1233.2,772.1,38.9
12,01,schleswig-holstein,01059,schleswig-flensburg,1499.6,706.4,35.6
13,01,schleswig-holstein,01060,segeberg,1434.1,920.9,56.7
14,01,schleswig-holstein,01061,steinburg,1363.4,771.3,54.3
15,01,schleswig-holstein,01062,stormarn,637.9,1071.5,61.2
16,02,hamburg,02000,hamburg,0.0,1369.2,127.9
17,03,niedersachsen,03101,braunschweig,226.1,994.2,100.0
18,03,niedersachsen,03102,salzgitter,3507.3,767.6,104.1
19,03,niedersachsen,03103,wolfsburg,853.0,1394.1,184.6
20,03,niedersachsen,03151,gifhorn,780.7,722.2,34.4
21,03,niedersachsen,03153,goslar,1030.1,638.6,50.7
22,03,niedersachsen,03154,helmstedt,2865.9,670.2,38.2
23,03,niedersachsen,03155,northeim,1653.4,719.4,56.8
24,03,niedersachsen,03157,peine,1538.3,679.0,40.0
25,03,niedersachsen,03158,wolfenbuettel,1591.4,757.6,36.5
26,03,niedersachsen,03159,goettingen,1206.3,742.1,63.6
27,03,niedersachsen,03241,hannover,2701.9,971.3,92.6
28,03,niedersachsen,03251,diepholz,665.6,866.0,56.2
29,03,niedersachsen,03252,hameln-pyrmont,1695.3,671.2,68.8
30,03,niedersachsen,03254,hildesheim,1840.6,720.9,56.8
31,03,niedersachsen,03255,holzminden,1706.8,785.7,55.7
32,03,niedersachsen,03256,nienburg/weser,1452.9,728.7,50.2
33,03,niedersachsen,03257,schaumburg,2022.7,663.5,43.2
34,03,niedersachsen,03351,celle,2929.1,689.3,50.4
35,03,niedersachsen,03352,cuxhaven,1745.5,654.2,32.9
36,03,niedersachsen,03353,harburg,862.4,880.2,34.7
37,03,niedersachsen,03354,luechow-dannenberg,1975.4,583.0,43.4
38,03,niedersachsen,03355,lueneburg,2427.4,742.8,44.3
39,03,niedersachsen,03356,osterholz,2605.8,722.5,33.9
40,03,niedersachsen,03357,rotenburg (wuemme),1094.4,740.6,47.9
41,03,niedersachsen,03358,heidekreis,1410.1,672.8,49.0
42,03,niedersachsen,03359,stade,1006.6,804.2,53.6
43,03,niedersachsen,03360,uelzen,1213.3,668.8,50.9
44,03,niedersachsen,03361,verden,630.7,892.6,63.0
45,03,niedersachsen,03401,delmenhorst,1151.9,576.8,45.0
46,03,niedersachsen,03402,emden,1843.7,984.5,134.7
47,03,niedersachsen,03403,oldenburg,402.6,890.2,83.5
48,03,niedersachsen,03404,osnabrueck,1896.8,849.7,101.9
49,03,niedersachsen,03405,wilhelmshaven,519.6,691.6,65.2
50,03,niedersachsen,03451,ammerland,583.4,754.2,45.8
51,03,niedersachsen,03452,aurich,1946.0,692.6,50.1
52,03,niedersachsen,03453,cloppenburg,871.3,719.9,53.4
53,03,niedersachsen,03454,emsland,624.1,759.4,62.0
54,03,niedersachsen,03455,friesland,1163.1,669.8,41.7
55,03,niedersachsen,03456,grafschaft bentheim,1155.4,711.8,51.7
56,03,niedersachsen,03457,leer,1221.8,638.6,38.4
57,03,niedersachsen,03458,oldenburg,444.0,765.9,44.2
58,03,niedersachsen,03459,osnabrueck,1107.6,748.1,54.7
59,03,niedersachsen,03460,vechta,454.8,929.8,68.3
60,03,niedersachsen,03461,wesermarsch,2450.5,866.3,69.0
61,03,niedersachsen,03462,wittmund,1013.0,661.5,43.0
62,04,bremen,04011,bremen,0.0,943.8,99.9
63,04,bremen,04012,bremerhaven,0.0,663.8,75.2
64,05,nordrhein-westfalen,05111,duesseldorf,122.3,1487.3,172.6
65,05,nordrhein-westfalen,05112,duisburg,3958.7,680.7,74.9
66,05,nordrhein-westfalen,05113,essen,5881.8,915.0,101.9
67,05,nordrhein-westfalen,05114,krefeld,2410.8,850.1,91.6
68,05,nordrhein-westfalen,05116,moenchengladbach,4284.1,803.4,78.0
69,05,nordrhein-westfalen,05117,muelheim an der ruhr,9019.0,860.4,91.6
70,05,nordrhein-westfalen,05119,oberhausen,8957.6,667.2,70.1
71,05,nordrhein-westfalen,05120,remscheid,5854.7,815.2,97.9
72,05,nordrhein-westfalen,05122,solingen,4397.1,829.4,76.6
73,05,nordrhein-westfalen,05124,wuppertal,4631.9,886.2,80.6
74,05,nordrhein-westfalen,05154,kleve,621.1,710.2,55.3
75,05,nordrhein-westfalen,05158,mettmann,1441.7,1488.1,91.3
76,05,nordrhein-westfalen,05162,rhein-kreis neuss,1187.6,1128.3,80.7
77,05,nordrhein-westfalen,05166,viersen,1239.2,805.7,61.7
78,05,nordrhein-westfalen,05170,wesel,2441.0,776.9,56.9
79,05,nordrhein-westfalen,05314,bonn,4781.3,1070.8,102.6
80,05,nordrhein-westfalen,05315,koeln,2470.3,1122.8,120.2
81,05,nordrhein-westfalen,05316,leverkusen,2523.9,909.2,107.4
82,05,nordrhein-westfalen,05334,aachen,2955.5,819.9,73.5
83,05,nordrhein-westfalen,05358,dueren,2491.6,768.3,63.3
84,05,nordrhein-westfalen,05362,rhein-erft-kreis,1762.9,944.3,65.4
85,05,nordrhein-westfalen,05366,euskirchen,1940.1,765.8,52.3
86,05,nordrhein-westfalen,05370,heinsberg,1064.1,693.0,44.0
87,05,nordrhein-westfalen,05374,oberbergischer kreis,3276.3,848.2,78.7
88,05,nordrhein-westfalen,05378,rheinisch-bergischer kreis,1673.3,865.9,51.8
89,05,nordrhein-westfalen,05382,rhein-sieg-kreis,2858.5,823.1,49.7
90,05,nordrhein-westfalen,05512,bottrop,2652.9,677.0,60.0
91,05,nordrhein-westfalen,05513,gelsenkirchen,4612.7,681.6,70.2
92,05,nordrhein-westfalen,05515,muenster,2592.3,1072.2,110.5
93,05,nordrhein-westfalen,05554,borken,913.8,833.5,69.7
94,05,nordrhein-westfalen,05558,coesfeld,630.2,781.2,52.6
95,05,nordrhein-westfalen,05562,recklinghausen,4213.3,696.4,55.0
96,05,nordrhein-westfalen,05566,steinfurt,1050.6,769.3,59.5
97,05,nordrhein-westfalen,05570,warendorf,766.4,788.5,66.0
98,05,nordrhein-westfalen,05711,bielefeld,1719.8,851.5,93.5
99,05,nordrhein-westfalen,05754,guetersloh,521.4,1085.1,91.4
100,05,nordrhein-westfalen,05758,herford,2287.4,841.7,78.6
101,05,nordrhein-westfalen,05762,hoexter,594.2,680.4,56.8
102,05,nordrhein-westfalen,05766,lippe,2434.0,768.0,66.6
103,05,nordrhein-westfalen,05770,minden-luebbecke,1140.5,853.6,78.9
104,05,nordrhein-westfalen,05774,paderborn,795.8,784.6,68.6
105,05,nordrhein-westfalen,05911,bochum,4961.8,757.1,76.6
106,05,nordrhein-westfalen,05913,dortmund,4118.4,791.7,81.1
107,05,nordrhein-westfalen,05914,hagen,6225.6,753.8,84.7
108,05,nordrhein-westfalen,05915,hamm,2391.9,627.6,63.3
109,05,nordrhein-westfalen,05916,herne,5024.8,578.5,65.1
110,05,nordrhein-westfalen,05954,ennepe-ruhr-kreis,3052.6,870.3,76.9
111,05,nordrhein-westfalen,05958,hochsauerlandkreis,1734.0,856.1,78.0
112,05,nordrhein-westfalen,05962,maerkischer kreis,2267.6,906.1,88.5
113,05,nordrhein-westfalen,05966,olpe,675.0,972.8,88.2
114,05,nordrhein-westfalen,05970,siegen-wittgenstein,2110.9,943.1,92.7
115,05,nordrhein-westfalen,05974,soest,1395.1,826.8,71.7
116,05,nordrhein-westfalen,05978,unna,2687.0,748.1,66.4
117,06,hessen,06411,kreisfreie stadt darmstadt,3419.0,1163.9,123.4
118,06,hessen,06412,kreisfreie stadt frankfurt am main,2077.7,1876.2,231.6
119,06,hessen,06413,kreisfreie stadt offenbach am main,7184.9,789.4,87.0
120,06,hessen,06414,landeshauptstadt wiesbaden,1223.7,1332.5,112.9
121,06,hessen,06431,bergstrasse,2181.0,979.4,46.7
122,06,hessen,06432,darmstadt-dieburg,1794.9,986.1,45.5
123,06,hessen,06433,gross-gerau,4067.0,935.8,73.9
124,06,hessen,06434,hochtaunus,4585.0,1405.4,79.9
125,06,hessen,06435,main-kinzig,3224.2,967.7,55.8
126,06,hessen,06436,main-taunus,3113.1,1753.7,85.0
127,06,hessen,06437,odenwaldkreis,2542.2,747.3,43.2
128,06,hessen,06438,offenbach,4159.3,1111.4,67.8
129,06,hessen,06439,rheingau-taunus,3901.1,947.4,38.7
130,06,hessen,06440,wetterau,2121.1,894.1,42.9
131,06,hessen,06531,giessen,2260.4,846.7,55.6
132,06,hessen,06532,lahn-dill,3297.0,919.0,63.5
133,06,hessen,06533,limburg-weilburg,1917.4,868.4,46.6
134,06,hessen,06534,marburg-biedenkopf,1736.3,951.3,64.1
135,06,hessen,06535,vogelsberg,2610.4,723.9,46.6
136,06,hessen,06611,kreisfreie stadt kassel,2008.0,1012.8,113.6
137,06,hessen,06631,fulda,1218.4,812.9,61.6
138,06,hessen,06632,hersfeld-rotenburg,3995.7,680.5,65.3
139,06,hessen,06633,kassel,2709.1,833.9,56.6
140,06,hessen,06634,schwalm-eder,2681.0,720.0,40.3
141,06,hessen,06635,waldeck-frankenberg,2533.9,775.4,54.8
142,06,hessen,06636,werra-meissner,3655.5,627.5,42.8
143,07,rheinland-pfalz,07111,stadt koblenz,3492.3,1124.0,116.3
144,07,rheinland-pfalz,07131,ahrweiler,1526.3,687.3,38.0
145,07,rheinland-pfalz,07132,altenkirchen (ww),3550.6,663.2,48.1
146,07,rheinland-pfalz,07133,bad kreuznach,2729.7,692.0,53.6
147,07,rheinland-pfalz,07134,birkenfeld,4621.2,618.9,57.0
148,07,rheinland-pfalz,07135,cochem-zell,2384.9,636.4,41.7
149,07,rheinland-pfalz,07137,mayen-koblenz,2605.1,755.7,52.0
150,07,rheinland-pfalz,07138,neuwied,3086.2,803.9,61.0
151,07,rheinland-pfalz,07140,rhein-hunsrueck-kreis,1384.1,756.4,52.4
152,07,rheinland-pfalz,07141,rhein-lahn-kreis,2409.4,674.1,40.6
153,07,rheinland-pfalz,07143,westerwaldkreis,1233.6,816.4,53.8
154,07,rheinland-pfalz,07211,stadt trier,6497.0,730.5,83.0
155,07,rheinland-pfalz,07231,bernkastel-wittlich,3188.3,775.5,55.6
156,07,rheinland-pfalz,07232,eifelkreis bitburg-pruem,2980.6,605.7,48.3
157,07,rheinland-pfalz,07233,vulkaneifel,3263.1,686.4,48.7
158,07,rheinland-pfalz,07235,trier-saarburg,2917.6,525.7,27.7
159,07,rheinland-pfalz,07311,stadt frankenthal (pfalz),4937.1,757.4,70.8
160,07,rheinland-pfalz,07312,stadt kaiserslautern,8409.5,873.4,89.6
161,07,rheinland-pfalz,07313,stadt landau in der pfalz,1883.6,827.2,73.8
162,07,rheinland-pfalz,07314,stadt ludwigshafen a. rh.,6953.3,1105.7,149.3
163,07,rheinland-pfalz,07315,stadt mainz,5485.9,996.6,109.4
164,07,rheinland-pfalz,07316,stadt neustadt a.d. w.,1934.5,780.0,54.9
165,07,rheinland-pfalz,07317,stadt pirmasens,9630.2,696.3,93.6
166,07,rheinland-pfalz,07318,stadt speyer,3944.4,1020.0,90.8
167,07,rheinland-pfalz,07319,stadt worms,5270.0,856.2,72.0
168,07,rheinland-pfalz,07320,stadt zweibruecken,7410.0,861.7,89.5
169,07,rheinland-pfalz,07331,alzey-worms,2462.8,713.0,34.9
170,07,rheinland-pfalz,07332,bad duerkheim,3450.4,769.8,36.1
171,07,rheinland-pfalz,07333,donnersbergkreis,5096.9,714.6,44.6
172,07,rheinland-pfalz,07334,germersheim,2429.5,904.4,57.2
173,07,rheinland-pfalz,07335,kaiserslautern,5243.6,637.4,30.5
174,07,rheinland-pfalz,07336,kusel,7572.6,549.1,30.3
175,07,rheinland-pfalz,07337,suedliche weinstrasse,1546.9,734.3,39.6
176,07,rheinland-pfalz,07338,rhein-pfalz-kreis,1433.2,774.9,29.8
177,07,rheinland-pfalz,07339,mainz-bingen,1324.3,1450.8,64.0
178,07,rheinland-pfalz,07340,suedwestpfalz,1707.4,599.0,29.7
179,08,baden-wuerttemberg,08111,stuttgart,33.6,1347.0,142.8
180,08,baden-wuerttemberg,08115,boeblingen,530.4,1328.7,93.2
181,08,baden-wuerttemberg,08116,esslingen,521.3,1155.6,72.9
182,08,baden-wuerttemberg,08117,goeppingen,470.7,912.4,60.0
183,08,baden-wuerttemberg,08118,ludwigsburg,313.6,1190.1,71.6
184,08,baden-wuerttemberg,08119,rems-murr-kreis,400.2,1082.2,62.9
185,08,baden-wuerttemberg,08121,heilbronn,160.1,1102.8,108.7
186,08,baden-wuerttemberg,08125,heilbronn,431.3,1016.0,67.8
187,08,baden-wuerttemberg,08126,hohenlohekreis,471.7,1223.5,91.6
188,08,baden-wuerttemberg,08127,schwaebisch hall,727.2,1018.8,87.4
189,08,baden-wuerttemberg,08128,main-tauber-kreis,858.5,904.6,66.4
190,08,baden-wuerttemberg,08135,heidenheim,1025.4,949.2,70.5
191,08,baden-wuerttemberg,08136,ostalbkreis,858.8,1044.4,66.2
192,08,baden-wuerttemberg,08211,baden-baden,477.5,1294.3,114.9
193,08,baden-wuerttemberg,08212,karlsruhe,609.2,1269.6,117.4
194,08,baden-wuerttemberg,08215,karlsruhe,738.2,986.7,62.7
195,08,baden-wuerttemberg,08216,rastatt,572.5,1119.0,70.3
196,08,baden-wuerttemberg,08221,heidelberg,1125.3,953.9,96.6
197,08,baden-wuerttemberg,08222,mannheim,1618.5,1176.7,135.9
198,08,baden-wuerttemberg,08225,neckar-odenwald-kreis,996.3,856.3,50.2
199,08,baden-wuerttemberg,08226,rhein-neckar-kreis,646.2,1231.7,58.4
200,08,baden-wuerttemberg,08231,pforzheim,1133.9,895.1,92.2
201,08,baden-wuerttemberg,08235,calw,1145.8,869.9,45.0
202,08,baden-wuerttemberg,08236,enzkreis,425.8,989.2,50.9
203,08,baden-wuerttemberg,08237,freudenstadt,411.6,1088.2,66.5
204,08,baden-wuerttemberg,08311,freiburg im breisgau,727.1,1024.6,84.7
205,08,baden-wuerttemberg,08315,breisgau-hochschwarzwald,641.5,902.6,45.4
206,08,baden-wuerttemberg,08316,emmendingen,568.7,889.9,45.2
207,08,baden-wuerttemberg,08317,ortenaukreis,332.7,999.3,69.9
208,08,baden-wuerttemberg,08325,rottweil,153.7,1199.4,71.0
209,08,baden-wuerttemberg,08326,schwarzwald-baar-kreis,409.7,987.8,67.8
210,08,baden-wuerttemberg,08327,tuttlingen,649.6,1195.1,78.7
211,08,baden-wuerttemberg,08335,konstanz,339.0,1005.2,56.7
212,08,baden-wuerttemberg,08336,loerrach,463.7,1058.7,59.6
213,08,baden-wuerttemberg,08337,waldshut,579.6,965.8,55.9
214,08,baden-wuerttemberg,08415,reutlingen,713.7,1078.8,69.7
215,08,baden-wuerttemberg,08416,tuebingen,552.7,904.8,49.5
216,08,baden-wuerttemberg,08417,zollernalbkreis,613.2,1002.6,64.0
217,08,baden-wuerttemberg,08421,ulm,881.9,1356.7,130.1
218,08,baden-wuerttemberg,08425,alb-donau-kreis,305.3,1024.1,53.4
219,08,baden-wuerttemberg,08426,biberach,209.9,1313.0,74.9
220,08,baden-wuerttemberg,08435,bodenseekreis,454.8,1131.3,68.9
221,08,baden-wuerttemberg,08436,ravensburg,529.8,967.3,62.4
222,08,baden-wuerttemberg,08437,sigmaringen,280.4,880.1,55.8
223,09,freistaat bayern,09161,ingolstadt,74.9,1056.0,137.1
224,09,freistaat bayern,09162,muenchen,498.0,1621.4,150.8
225,09,freistaat bayern,09163,rosenheim,1307.4,1029.3,100.6
226,09,freistaat bayern,09171,altoetting,1049.9,1482.2,84.2
227,09,freistaat bayern,09172,berchtesgadener land,1016.9,855.0,51.8
228,09,freistaat bayern,09173,bad toelz-wolfratshausen,767.6,1008.1,44.3
229,09,freistaat bayern,09174,dachau,535.1,1100.1,39.6
230,09,freistaat bayern,09175,ebersberg,953.5,1148.9,39.7
231,09,freistaat bayern,09176,eichstaett,266.7,1005.8,41.3
232,09,freistaat bayern,09177,erding,522.4,1230.1,44.0
233,09,freistaat bayern,09178,freising,852.7,1297.8,75.4
234,09,freistaat bayern,09179,fuerstenfeldbruck,800.4,1094.3,36.9
235,09,freistaat bayern,09180,garmisch-partenkirchen,967.8,918.2,47.5
236,09,freistaat bayern,09181,landsberg am lech,1319.8,1104.5,41.9
237,09,freistaat bayern,09182,miesbach,2053.3,1166.3,57.0
238,09,freistaat bayern,09183,muehldorf a.inn,1121.7,947.4,53.2
239,09,freistaat bayern,09184,muenchen,551.0,2454.2,137.9
240,09,freistaat bayern,09185,neuburg-schrobenhausen,799.1,934.0,51.1
241,09,freistaat bayern,09186,pfaffenhofen a.d.ilm,369.4,1133.5,46.6
242,09,freistaat bayern,09187,rosenheim,893.3,952.8,46.8
243,09,freistaat bayern,09188,starnberg,412.1,1467.2,64.1
244,09,freistaat bayern,09189,traunstein,778.0,1035.7,61.8
245,09,freistaat bayern,09190,weilheim-schongau,501.3,1130.6,56.1
246,09,freistaat bayern,09261,landshut,1884.1,1089.0,85.6
247,09,freistaat bayern,09262,passau,2796.7,1049.1,117.5
248,09,freistaat bayern,09263,straubing,1926.7,995.4,104.2
249,09,freistaat bayern,09271,deggendorf,970.8,845.7,59.0
250,09,freistaat bayern,09272,freyung-grafenau,1421.2,697.2,40.1
251,09,freistaat bayern,09273,kelheim,440.4,917.5,50.6
252,09,freistaat bayern,09274,landshut,465.8,1043.1,49.7
253,09,freistaat bayern,09275,passau,1098.4,811.4,43.7
254,09,freistaat bayern,09276,regen,1373.5,754.7,51.7
255,09,freistaat bayern,09277,rottal-inn,1356.9,874.4,50.3
256,09,freistaat bayern,09278,straubing-bogen,433.3,863.5,33.5
257,09,freistaat bayern,09279,dingolfing-landau,535.8,1504.4,94.9
258,09,freistaat bayern,09361,amberg,673.3,1042.9,90.2
259,09,freistaat bayern,09362,regensburg,880.6,1472.8,146.0
260,09,freistaat bayern,09363,weiden i.d.opf.,1513.2,957.4,101.8
261,09,freistaat bayern,09371,amberg-sulzbach,1412.0,797.2,42.3
262,09,freistaat bayern,09372,cham,1141.0,832.5,52.8
263,09,freistaat bayern,09373,neumarkt i.d.opf.,222.2,945.8,49.5
264,09,freistaat bayern,09374,neustadt a.d.waldnaab,639.5,867.3,43.1
265,09,freistaat bayern,09375,regensburg,429.1,900.7,31.3
266,09,freistaat bayern,09376,schwandorf,1089.8,896.5,54.5
267,09,freistaat bayern,09377,tirschenreuth,1331.9,851.7,48.9
268,09,freistaat bayern,09461,bamberg,223.9,1085.1,115.2
269,09,freistaat bayern,09462,bayreuth,1463.5,1384.9,104.5
270,09,freistaat bayern,09463,coburg,431.7,1905.5,172.6
271,09,freistaat bayern,09464,hof,1779.8,844.4,86.2
272,09,freistaat bayern,09471,bamberg,517.4,912.7,37.4
273,09,freistaat bayern,09472,bayreuth,1722.1,771.2,35.7
274,09,freistaat bayern,09473,coburg,1094.8,816.4,59.9
275,09,freistaat bayern,09474,forchheim,867.2,887.4,35.3
276,09,freistaat bayern,09475,hof,1036.9,860.2,58.7
277,09,freistaat bayern,09476,kronach,1435.1,821.8,62.0
278,09,freistaat bayern,09477,kulmbach,1040.1,904.2,63.6
279,09,freistaat bayern,09478,lichtenfels,1691.8,870.5,69.5
280,09,freistaat bayern,09479,wunsiedel i.fichtelgebirge,2732.0,802.8,62.3
281,09,freistaat bayern,09561,ansbach,627.5,980.7,94.8
282,09,freistaat bayern,09562,erlangen,1389.1,1349.5,151.3
283,09,freistaat bayern,09563,fuerth,1765.4,960.2,72.4
284,09,freistaat bayern,09564,nuernberg,2727.0,1145.2,128.3
285,09,freistaat bayern,09565,schwabach,1219.4,1090.5,67.4
286,09,freistaat bayern,09571,ansbach,938.5,858.3,50.8
287,09,freistaat bayern,09572,erlangen-hoechstadt,688.4,1216.2,54.5
288,09,freistaat bayern,09573,fuerth,918.8,938.1,32.8
289,09,freistaat bayern,09574,nuernberger land,832.0,1033.4,51.4
290,09,freistaat bayern,09575,neustadt a.d.aisch-bad windsheim,675.2,829.0,46.9
291,09,freistaat bayern,09576,roth,453.7,935.5,43.3
292,09,freistaat bayern,09577,weissenburg-gunzenhausen,638.5,808.1,48.3
293,09,freistaat bayern,09661,aschaffenburg,908.5,1185.4,120.4
294,09,freistaat bayern,09662,schweinfurt,436.9,1388.7,179.0
295,09,freistaat bayern,09663,wuerzburg,1787.8,1095.6,118.6
296,09,freistaat bayern,09671,aschaffenburg,639.0,1108.1,51.6
297,09,freistaat bayern,09672,bad kissingen,738.9,782.2,46.5
298,09,freistaat bayern,09673,rhoen-grabfeld,1006.8,772.8,58.1
299,09,freistaat bayern,09674,hassberge,903.5,830.2,49.1
300,09,freistaat bayern,09675,kitzingen,554.0,1003.9,56.4
301,09,freistaat bayern,09676,miltenberg,920.9,912.6,51.9
302,09,freistaat bayern,09677,main-spessart,865.2,981.2,59.9
303,09,freistaat bayern,09678,schweinfurt,483.8,843.5,32.6
304,09,freistaat bayern,09679,wuerzburg,639.9,901.0,37.6
305,09,freistaat bayern,09761,augsburg,1391.4,942.1,95.3
306,09,freistaat bayern,09762,kaufbeuren,591.0,807.7,55.5
307,09,freistaat bayern,09763,kempten (allgaeu),37.5,1022.8,93.1
308,09,freistaat bayern,09764,memmingen,579.0,1270.8,104.3
309,09,freistaat bayern,09771,aichach-friedberg,565.5,958.8,42.1
310,09,freistaat bayern,09772,augsburg,627.3,997.5,44.1
311,09,freistaat bayern,09773,dillingen a.d.donau,1123.2,1029.0,53.6
312,09,freistaat bayern,09774,guenzburg,559.8,862.5,60.0
313,09,freistaat bayern,09775,neu-ulm,581.7,1081.5,60.9
314,09,freistaat bayern,09776,lindau (bodensee),971.3,1007.5,58.9
315,09,freistaat bayern,09777,ostallgaeu,1240.6,992.6,50.1
316,09,freistaat bayern,09778,unterallgaeu,709.7,1034.0,48.4
317,09,freistaat bayern,09779,donau-ries,577.2,1106.0,70.6
318,09,freistaat bayern,09780,oberallgaeu,1377.9,895.6,49.5
319,10,saarland,10041,regionalverband saarbruecken,4956.6,751.6,93.7
320,10,saarland,10042,landkreis merzig-wadern,2478.4,573.6,49.9
321,10,saarland,10043,landkreis neunkirchen,2544.8,589.5,51.9
322,10,saarland,10044,landkreis saarlouis,2453.2,676.2,73.7
323,10,saarland,10045,saarpfalz-kreis,3746.1,821.7,84.4
324,10,saarland,10046,landkreis st. wendel,3107.3,649.6,52.0
325,11,berlin,11000,berlin,0.0,833.2,65.0
326,12,brandenburg,12051,brandenburg an der havel,2276.1,584.3,65.7
327,12,brandenburg,12052,cottbus,2711.0,666.3,82.4
328,12,brandenburg,12053,frankfurt (oder),2208.2,597.5,77.9
329,12,brandenburg,12054,potsdam,410.0,807.4,79.1
330,12,brandenburg,12060,barnim,232.8,595.7,35.7
331,12,brandenburg,12061,dahme-spreewald,459.7,1511.4,51.5
332,12,brandenburg,12062,elbe-elster,537.2,482.6,42.2
333,12,brandenburg,12063,havelland,506.4,608.5,35.9
334,12,brandenburg,12064,maerkisch-oderland,368.0,597.5,33.5
335,12,brandenburg,12065,oberhavel,139.8,837.2,51.0
336,12,brandenburg,12066,oberspreewald-lausitz,528.6,576.4,60.8
337,12,brandenburg,12067,oder-spree,1135.6,590.5,44.4
338,12,brandenburg,12068,ostprignitz-ruppin,824.3,587.5,46.8
339,12,brandenburg,12069,potsdam-mittelmark,423.7,703.8,39.9
340,12,brandenburg,12070,prignitz,410.1,554.4,44.4
341,12,brandenburg,12071,spree-neisse,1229.6,573.3,59.6
342,12,brandenburg,12072,teltow-flaeming,800.1,935.6,56.8
343,12,brandenburg,12073,uckermark,704.2,550.8,45.6
344,13,mecklenburg-vorpommern,13003,"rostock, hansestadt",656.7,675.5,74.6
345,13,mecklenburg-vorpommern,13004,"schwerin, landeshauptstadt",2407.6,640.1,88.3
346,13,mecklenburg-vorpommern,13071,mecklenburgische seenplatte,1688.9,549.5,52.2
347,13,mecklenburg-vorpommern,13072,landkreis rostock,1222.6,571.0,39.6
348,13,mecklenburg-vorpommern,13073,vorpommern-ruegen,1562.2,531.6,46.4
349,13,mecklenburg-vorpommern,13074,nordwestmecklenburg,1590.4,595.5,42.6
350,13,mecklenburg-vorpommern,13075,vorpommern-greifswald,2088.8,480.9,46.3
351,13,mecklenburg-vorpommern,13076,ludwigslust-parchim,1379.6,606.8,40.6
352,14,sachsen,14511,chemnitz,630.4,632.5,88.1
353,14,sachsen,14521,erzgebirgskreis,619.5,495.0,51.1
354,14,sachsen,14522,mittelsachsen,459.4,571.2,60.3
355,14,sachsen,14523,vogtlandkreis,956.0,532.7,57.6
356,14,sachsen,14524,zwickau,506.8,578.0,71.8
357,14,sachsen,14612,dresden,0.0,754.4,81.9
358,14,sachsen,14625,bautzen,558.3,582.9,61.0
359,14,sachsen,14626,goerlitz,921.8,478.5,55.0
360,14,sachsen,14627,meissen,666.6,622.4,61.4
361,14,sachsen,14628,saechsische schweiz-osterzgebirge,626.6,536.1,49.3
362,14,sachsen,14713,leipzig,996.9,635.5,79.8
363,14,sachsen,14729,leipzig,707.4,598.1,53.6
364,14,sachsen,14730,nordsachsen,1242.0,569.6,58.5
365,15,sachsen-anhalt,15001,dessau-rosslau,205.0,539.6,72.9
366,15,sachsen-anhalt,15002,halle (saale),1761.0,487.6,69.7
367,15,sachsen-anhalt,15003,magdeburg,476.5,638.7,85.0
368,15,sachsen-anhalt,15081,altmarkkreis salzwedel,930.7,530.8,48.2
369,15,sachsen-anhalt,15082,anhalt-bitterfeld,1675.7,597.6,58.1
370,15,sachsen-anhalt,15083,boerde,678.4,645.7,56.8
371,15,sachsen-anhalt,15084,burgenlandkreis,1038.0,770.4,50.8
372,15,sachsen-anhalt,15085,harz,1635.6,527.7,54.1
373,15,sachsen-anhalt,15086,jerichower land,1135.8,542.4,46.7
374,15,sachsen-anhalt,15087,mansfeld-suedharz,2032.6,421.7,42.4
375,15,sachsen-anhalt,15088,saalekreis,1034.4,865.7,61.6
376,15,sachsen-anhalt,15089,salzlandkreis,1941.3,523.8,51.1
377,15,sachsen-anhalt,15090,stendal,1286.9,471.7,46.5
378,15,sachsen-anhalt,15091,wittenberg,1634.1,533.3,52.5
379,16,thueringen,16051,erfurt,587.7,665.6,87.6
380,16,thueringen,16052,gera,1458.4,516.1,70.7
381,16,thueringen,16053,jena,181.8,732.0,74.6
382,16,thueringen,16054,suhl,462.9,625.6,83.9
383,16,thueringen,16055,weimar,1140.4,536.9,53.8
384,16,thueringen,16056,eisenach,571.1,602.1,92.0
385,16,thueringen,16061,eichsfeld,636.7,524.5,46.7
386,16,thueringen,16062,nordhausen,1018.9,495.8,56.1
387,16,thueringen,16063,wartburgkreis,506.5,622.7,48.9
388,16,thueringen,16064,unstrut-hainich-kreis,947.4,508.1,45.9
389,16,thueringen,16065,kyffhaeuserkreis,1618.2,469.9,38.8
390,16,thueringen,16066,schmalkalden-meiningen,295.2,555.8,50.6
391,16,thueringen,16067,gotha,638.8,578.2,55.8
392,16,thueringen,16068,soemmerda,1427.6,567.5,45.0
393,16,thueringen,16069,hildburghausen,701.4,581.8,43.0
394,16,thueringen,16070,ilm-kreis,821.7,641.6,53.1
395,16,thueringen,16071,weimarer land,487.8,577.0,44.3
396,16,thueringen,16072,sonneberg,1279.8,588.4,54.5
397,16,thueringen,16073,saalfeld-rudolstadt,879.9,550.8,56.0
398,16,thueringen,16074,saale-holzland-kreis,542.5,556.5,48.8
399,16,thueringen,16075,saale-orla-kreis,1301.2,578.8,57.6
400,16,thueringen,16076,greiz,993.8,527.1,43.4
401,16,thueringen,16077,altenburger land,1035.8,472.4,45.8
